{"ProjectWatches":"{\"Value\":[]}","OpenedDocuments":"[\"Main.xaml\"]","ProjectBreakpoints":"{\"Value\":{}}","ProjectActivitiesViewState":"{\"Main.xaml\":[{\"ActivityIdRef\":\"Delay_1\",\"IsAdvancedOptionsExpanded\":false,\"Widgets\":{}},{\"ActivityIdRef\":\"AddDataColumn`1_4\",\"IsAdvancedOptionsExpanded\":false,\"Widgets\":{}},{\"ActivityIdRef\":\"Delay_2\",\"IsAdvancedOptionsExpanded\":false,\"Widgets\":{}},{\"ActivityIdRef\":\"Delay_3\",\"IsAdvancedOptionsExpanded\":false,\"Widgets\":{}},{\"ActivityIdRef\":\"If_1\",\"IsAdvancedOptionsExpanded\":false,\"Widgets\":{}},{\"ActivityIdRef\":\"Delay_5\",\"IsAdvancedOptionsExpanded\":false,\"Widgets\":{}},{\"ActivityIdRef\":\"Throw_4\",\"IsAdvancedOptionsExpanded\":false,\"Widgets\":{}},{\"ActivityIdRef\":\"Throw_1\",\"IsAdvancedOptionsExpanded\":false,\"Widgets\":{}},{\"ActivityIdRef\":\"Throw_2\",\"IsAdvancedOptionsExpanded\":false,\"Widgets\":{}},{\"ActivityIdRef\":\"If_6\",\"IsAdvancedOptionsExpanded\":false,\"Widgets\":{}},{\"ActivityIdRef\":\"Throw_3\",\"IsAdvancedOptionsExpanded\":false,\"Widgets\":{}}],\"Sequence.xaml\":[{\"ActivityIdRef\":\"OutputDataTable_1\",\"IsAdvancedOptionsExpanded\":false,\"Widgets\":{}},{\"ActivityIdRef\":\"OutputDataTable_2\",\"IsAdvancedOptionsExpanded\":false,\"Widgets\":{}},{\"ActivityIdRef\":\"OutputDataTable_3\",\"IsAdvancedOptionsExpanded\":false,\"Widgets\":{}}],\"Test.xaml\":[{\"ActivityIdRef\":\"AddDataColumn`1_1\",\"IsAdvancedOptionsExpanded\":false,\"Widgets\":{}},{\"ActivityIdRef\":\"If_1\",\"IsAdvancedOptionsExpanded\":false,\"Widgets\":{}}]}","ProjectSettings":"{\"IncludeSourcesByDefault\":false,\"RemoveUnusedDependencies\":false}"}