{
  "IsCloudStoreUrl": true,
  "StoreUrl": "https://cloud.uipath.com/vajraqcqdotn/AutomateWithUiPath/dataservice_/entities",
  "TenantName": "AutomateWithUiPath",
  "Entities": [
    {
      "Id": "37df21df-a91e-ed11-bd6e-0003ff1e43f9",
      "Name": "GoogleMenu",
      "DisplayName": "GoogleMenu",
      "Description": "",
      "CreateTime": "2022-08-18T03:57:27.73Z",
      "UpdateTime": "2022-08-18T03:59:28.92Z",
      "Fields": [
        {
          "Id": "a6b6a113-aa1e-ed11-bd6e-0003ff1e43f9",
          "Name": "ServiceName",
          "DisplayName": "ServiceName",
          "Description": "",
          "CreateTime": "2022-08-18T03:58:55.107Z",
          "UpdateTime": "2022-08-18T03:58:55.107Z",
          "SqlType": {
            "Name": "NVARCHAR",
            "LengthLimit": 200,
            "MaxValue": null,
            "MinValue": null,
            "DecimalPrecision": null
          },
          "IsSystemField": false,
          "IsRequired": false,
          "ReferenceEntity": null,
          "ReferenceType": "ManyToOne",
          "FieldDisplayType": "Basic",
          "ReferenceChoiceSet": null,
          "IsAttachment": false
        },
        {
          "Id": "a99da81e-aa1e-ed11-bd6e-0003ff1e43f9",
          "Name": "ServiceUrl",
          "DisplayName": "ServiceUrl",
          "Description": "",
          "CreateTime": "2022-08-18T03:59:13.597Z",
          "UpdateTime": "2022-08-18T03:59:13.597Z",
          "SqlType": {
            "Name": "NVARCHAR",
            "LengthLimit": 200,
            "MaxValue": null,
            "MinValue": null,
            "DecimalPrecision": null
          },
          "IsSystemField": false,
          "IsRequired": false,
          "ReferenceEntity": null,
          "ReferenceType": "ManyToOne",
          "FieldDisplayType": "Basic",
          "ReferenceChoiceSet": null,
          "IsAttachment": false
        },
        {
          "Id": "f522c927-aa1e-ed11-bd6e-0003ff1e43f9",
          "Name": "ServiceIconUrl",
          "DisplayName": "ServiceIconUrl",
          "Description": "",
          "CreateTime": "2022-08-18T03:59:28.92Z",
          "UpdateTime": "2022-08-18T03:59:28.92Z",
          "SqlType": {
            "Name": "NVARCHAR",
            "LengthLimit": 200,
            "MaxValue": null,
            "MinValue": null,
            "DecimalPrecision": null
          },
          "IsSystemField": false,
          "IsRequired": false,
          "ReferenceEntity": null,
          "ReferenceType": "ManyToOne",
          "FieldDisplayType": "Basic",
          "ReferenceChoiceSet": null,
          "IsAttachment": false
        },
        {
          "Id": "08680fee-e379-4e27-a54e-073678afe065",
          "Name": "Id",
          "DisplayName": "Id",
          "Description": "System built-in field",
          "CreateTime": "2022-08-18T03:57:27.79Z",
          "UpdateTime": "2022-08-18T03:57:27.79Z",
          "SqlType": {
            "Name": "UNIQUEIDENTIFIER",
            "LengthLimit": null,
            "MaxValue": null,
            "MinValue": null,
            "DecimalPrecision": null
          },
          "IsSystemField": true,
          "IsRequired": true,
          "ReferenceEntity": null,
          "ReferenceType": "ManyToOne",
          "FieldDisplayType": "Basic",
          "ReferenceChoiceSet": null,
          "IsAttachment": false
        },
        {
          "Id": "d684a6cf-3a5d-4385-9deb-0fd13e7ef078",
          "Name": "UpdateTime",
          "DisplayName": "UpdateTime",
          "Description": "System built-in field",
          "CreateTime": "2022-08-18T03:57:27.79Z",
          "UpdateTime": "2022-08-18T03:57:27.79Z",
          "SqlType": {
            "Name": "DATETIMEOFFSET",
            "LengthLimit": null,
            "MaxValue": null,
            "MinValue": null,
            "DecimalPrecision": null
          },
          "IsSystemField": true,
          "IsRequired": false,
          "ReferenceEntity": null,
          "ReferenceType": "ManyToOne",
          "FieldDisplayType": "Basic",
          "ReferenceChoiceSet": null,
          "IsAttachment": false
        },
        {
          "Id": "625dd4e5-31e0-4585-9c90-8277a09859de",
          "Name": "CreateTime",
          "DisplayName": "CreateTime",
          "Description": "System built-in field",
          "CreateTime": "2022-08-18T03:57:27.79Z",
          "UpdateTime": "2022-08-18T03:57:27.79Z",
          "SqlType": {
            "Name": "DATETIMEOFFSET",
            "LengthLimit": null,
            "MaxValue": null,
            "MinValue": null,
            "DecimalPrecision": null
          },
          "IsSystemField": true,
          "IsRequired": true,
          "ReferenceEntity": null,
          "ReferenceType": "ManyToOne",
          "FieldDisplayType": "Basic",
          "ReferenceChoiceSet": null,
          "IsAttachment": false
        },
        {
          "Id": "272dc9dd-375b-4b27-8d1a-a7febbb77deb",
          "Name": "UpdatedBy",
          "DisplayName": "UpdatedBy",
          "Description": "System built-in field",
          "CreateTime": "2022-08-18T03:57:27.79Z",
          "UpdateTime": "2022-08-18T03:57:27.79Z",
          "SqlType": {
            "Name": "UNIQUEIDENTIFIER",
            "LengthLimit": null,
            "MaxValue": null,
            "MinValue": null,
            "DecimalPrecision": null
          },
          "IsSystemField": true,
          "IsRequired": false,
          "ReferenceEntity": {
            "Name": "SystemUser"
          },
          "ReferenceType": "ManyToOne",
          "FieldDisplayType": "Relationship",
          "ReferenceChoiceSet": null,
          "IsAttachment": false
        },
        {
          "Id": "02a58bc1-034f-4343-8f05-b611fec6c28e",
          "Name": "CreatedBy",
          "DisplayName": "CreatedBy",
          "Description": "System built-in field",
          "CreateTime": "2022-08-18T03:57:27.79Z",
          "UpdateTime": "2022-08-18T03:57:27.79Z",
          "SqlType": {
            "Name": "UNIQUEIDENTIFIER",
            "LengthLimit": null,
            "MaxValue": null,
            "MinValue": null,
            "DecimalPrecision": null
          },
          "IsSystemField": true,
          "IsRequired": true,
          "ReferenceEntity": {
            "Name": "SystemUser"
          },
          "ReferenceType": "ManyToOne",
          "FieldDisplayType": "Relationship",
          "ReferenceChoiceSet": null,
          "IsAttachment": false
        }
      ],
      "RecordCount": 5,
      "EntityType": "Entity"
    },
    {
      "Id": "2fdf21df-a91e-ed11-bd6e-0003ff1e43f9",
      "Name": "SystemUser",
      "DisplayName": "System Users",
      "Description": "Contains Automation Cloud users and groups that have ever had roles assigned, or accessed Data Service",
      "CreateTime": "2022-08-18T03:57:27.37Z",
      "UpdateTime": "2022-08-18T03:57:27.37Z",
      "Fields": [
        {
          "Id": "1b7ec56f-35c8-4188-8159-0786a4cdb51b",
          "Name": "Id",
          "DisplayName": "Id",
          "Description": "System built-in field",
          "CreateTime": "2022-08-18T03:57:27.423Z",
          "UpdateTime": "2022-08-18T03:57:27.423Z",
          "SqlType": {
            "Name": "UNIQUEIDENTIFIER",
            "LengthLimit": null,
            "MaxValue": null,
            "MinValue": null,
            "DecimalPrecision": null
          },
          "IsSystemField": true,
          "IsRequired": true,
          "ReferenceEntity": null,
          "ReferenceType": "ManyToOne",
          "FieldDisplayType": "Basic",
          "ReferenceChoiceSet": null,
          "IsAttachment": false
        },
        {
          "Id": "87b27bdd-45c9-45c9-ba91-10284ac8883d",
          "Name": "IsActive",
          "DisplayName": "IsActive",
          "Description": "IsActive",
          "CreateTime": "2022-08-18T03:57:27.423Z",
          "UpdateTime": "2022-08-18T03:57:27.423Z",
          "SqlType": {
            "Name": "BIT",
            "LengthLimit": null,
            "MaxValue": null,
            "MinValue": null,
            "DecimalPrecision": null
          },
          "IsSystemField": true,
          "IsRequired": true,
          "ReferenceEntity": null,
          "ReferenceType": "ManyToOne",
          "FieldDisplayType": "Basic",
          "ReferenceChoiceSet": null,
          "IsAttachment": false
        },
        {
          "Id": "afcc1b46-1458-467e-8e51-310500a8f0eb",
          "Name": "CreateTime",
          "DisplayName": "CreateTime",
          "Description": "System built-in field",
          "CreateTime": "2022-08-18T03:57:27.423Z",
          "UpdateTime": "2022-08-18T03:57:27.423Z",
          "SqlType": {
            "Name": "DATETIMEOFFSET",
            "LengthLimit": null,
            "MaxValue": null,
            "MinValue": null,
            "DecimalPrecision": null
          },
          "IsSystemField": true,
          "IsRequired": true,
          "ReferenceEntity": null,
          "ReferenceType": "ManyToOne",
          "FieldDisplayType": "Basic",
          "ReferenceChoiceSet": null,
          "IsAttachment": false
        },
        {
          "Id": "e5f4c349-82c0-4e85-9800-5520cd381dbd",
          "Name": "Type",
          "DisplayName": "Type",
          "Description": "Type",
          "CreateTime": "2022-08-18T03:57:27.423Z",
          "UpdateTime": "2022-08-18T03:57:27.423Z",
          "SqlType": {
            "Name": "INT",
            "LengthLimit": null,
            "MaxValue": 9007199254740991.0,
            "MinValue": -9007199254740991.0,
            "DecimalPrecision": null
          },
          "IsSystemField": true,
          "IsRequired": true,
          "ReferenceEntity": null,
          "ReferenceType": "ManyToOne",
          "FieldDisplayType": "ChoiceSetSingle",
          "ReferenceChoiceSet": {
            "Name": "UserType"
          },
          "IsAttachment": false
        },
        {
          "Id": "5dc394d5-01f6-4312-a135-a8e677ca6b10",
          "Name": "Name",
          "DisplayName": "Name",
          "Description": "Name",
          "CreateTime": "2022-08-18T03:57:27.423Z",
          "UpdateTime": "2022-08-18T03:57:27.423Z",
          "SqlType": {
            "Name": "NVARCHAR",
            "LengthLimit": 512,
            "MaxValue": null,
            "MinValue": null,
            "DecimalPrecision": null
          },
          "IsSystemField": true,
          "IsRequired": true,
          "ReferenceEntity": null,
          "ReferenceType": "ManyToOne",
          "FieldDisplayType": "Basic",
          "ReferenceChoiceSet": null,
          "IsAttachment": false
        },
        {
          "Id": "533d82fb-23c5-4a1d-89d0-afedf5b4bdc4",
          "Name": "UpdateTime",
          "DisplayName": "UpdateTime",
          "Description": "System built-in field",
          "CreateTime": "2022-08-18T03:57:27.423Z",
          "UpdateTime": "2022-08-18T03:57:27.423Z",
          "SqlType": {
            "Name": "DATETIMEOFFSET",
            "LengthLimit": null,
            "MaxValue": null,
            "MinValue": null,
            "DecimalPrecision": null
          },
          "IsSystemField": true,
          "IsRequired": false,
          "ReferenceEntity": null,
          "ReferenceType": "ManyToOne",
          "FieldDisplayType": "Basic",
          "ReferenceChoiceSet": null,
          "IsAttachment": false
        },
        {
          "Id": "48412422-6cf3-4f0f-afe9-be7cdee7425b",
          "Name": "Email",
          "DisplayName": "E-mail",
          "Description": "E-mail",
          "CreateTime": "2022-08-18T03:57:27.423Z",
          "UpdateTime": "2022-08-18T03:57:27.423Z",
          "SqlType": {
            "Name": "NVARCHAR",
            "LengthLimit": 512,
            "MaxValue": null,
            "MinValue": null,
            "DecimalPrecision": null
          },
          "IsSystemField": true,
          "IsRequired": false,
          "ReferenceEntity": null,
          "ReferenceType": "ManyToOne",
          "FieldDisplayType": "Basic",
          "ReferenceChoiceSet": null,
          "IsAttachment": false
        }
      ],
      "RecordCount": 5,
      "EntityType": "SystemEntity"
    },
    {
      "Id": "7e9a5a00-3427-ed11-bd6e-0003ff1e43f9",
      "Name": "Users",
      "DisplayName": "Users",
      "Description": "",
      "CreateTime": "2022-08-29T00:46:22.607Z",
      "UpdateTime": "2022-08-29T00:53:02.05Z",
      "Fields": [
        {
          "Id": "c30e4231-3427-ed11-bd6e-0003ff1e43f9",
          "Name": "Name",
          "DisplayName": "Name",
          "Description": "",
          "CreateTime": "2022-08-29T00:47:44.667Z",
          "UpdateTime": "2022-08-29T00:47:44.667Z",
          "SqlType": {
            "Name": "NVARCHAR",
            "LengthLimit": 200,
            "MaxValue": null,
            "MinValue": null,
            "DecimalPrecision": null
          },
          "IsSystemField": false,
          "IsRequired": true,
          "ReferenceEntity": null,
          "ReferenceType": "ManyToOne",
          "FieldDisplayType": "Basic",
          "ReferenceChoiceSet": null,
          "IsAttachment": false
        },
        {
          "Id": "e8ec023d-3427-ed11-bd6e-0003ff1e43f9",
          "Name": "email",
          "DisplayName": "email",
          "Description": "",
          "CreateTime": "2022-08-29T00:48:04.363Z",
          "UpdateTime": "2022-08-29T00:48:04.363Z",
          "SqlType": {
            "Name": "NVARCHAR",
            "LengthLimit": 200,
            "MaxValue": null,
            "MinValue": null,
            "DecimalPrecision": null
          },
          "IsSystemField": false,
          "IsRequired": true,
          "ReferenceEntity": null,
          "ReferenceType": "ManyToOne",
          "FieldDisplayType": "Basic",
          "ReferenceChoiceSet": null,
          "IsAttachment": false
        },
        {
          "Id": "dbed0849-3427-ed11-bd6e-0003ff1e43f9",
          "Name": "cell",
          "DisplayName": "cell",
          "Description": "",
          "CreateTime": "2022-08-29T00:48:24.54Z",
          "UpdateTime": "2022-08-29T00:48:24.54Z",
          "SqlType": {
            "Name": "NVARCHAR",
            "LengthLimit": 200,
            "MaxValue": null,
            "MinValue": null,
            "DecimalPrecision": null
          },
          "IsSystemField": false,
          "IsRequired": true,
          "ReferenceEntity": null,
          "ReferenceType": "ManyToOne",
          "FieldDisplayType": "Basic",
          "ReferenceChoiceSet": null,
          "IsAttachment": false
        },
        {
          "Id": "3d6770ee-3427-ed11-bd6e-0003ff1e43f9",
          "Name": "Imagepath",
          "DisplayName": "Imagepath",
          "Description": "",
          "CreateTime": "2022-08-29T00:53:02.05Z",
          "UpdateTime": "2022-08-29T00:53:02.05Z",
          "SqlType": {
            "Name": "NVARCHAR",
            "LengthLimit": 200,
            "MaxValue": null,
            "MinValue": null,
            "DecimalPrecision": null
          },
          "IsSystemField": false,
          "IsRequired": true,
          "ReferenceEntity": null,
          "ReferenceType": "ManyToOne",
          "FieldDisplayType": "Basic",
          "ReferenceChoiceSet": null,
          "IsAttachment": false
        },
        {
          "Id": "58d80e7e-c62e-4181-be1f-4e4194477b9d",
          "Name": "CreatedBy",
          "DisplayName": "CreatedBy",
          "Description": "System built-in field",
          "CreateTime": "2022-08-29T00:46:22.683Z",
          "UpdateTime": "2022-08-29T00:46:22.683Z",
          "SqlType": {
            "Name": "UNIQUEIDENTIFIER",
            "LengthLimit": null,
            "MaxValue": null,
            "MinValue": null,
            "DecimalPrecision": null
          },
          "IsSystemField": true,
          "IsRequired": true,
          "ReferenceEntity": {
            "Name": "SystemUser"
          },
          "ReferenceType": "ManyToOne",
          "FieldDisplayType": "Relationship",
          "ReferenceChoiceSet": null,
          "IsAttachment": false
        },
        {
          "Id": "8a273da8-2c22-4d1d-a9bf-616b705fd4aa",
          "Name": "UpdateTime",
          "DisplayName": "UpdateTime",
          "Description": "System built-in field",
          "CreateTime": "2022-08-29T00:46:22.683Z",
          "UpdateTime": "2022-08-29T00:46:22.683Z",
          "SqlType": {
            "Name": "DATETIMEOFFSET",
            "LengthLimit": null,
            "MaxValue": null,
            "MinValue": null,
            "DecimalPrecision": null
          },
          "IsSystemField": true,
          "IsRequired": false,
          "ReferenceEntity": null,
          "ReferenceType": "ManyToOne",
          "FieldDisplayType": "Basic",
          "ReferenceChoiceSet": null,
          "IsAttachment": false
        },
        {
          "Id": "9c4de715-2414-411c-a141-67b270c9acba",
          "Name": "Id",
          "DisplayName": "Id",
          "Description": "System built-in field",
          "CreateTime": "2022-08-29T00:46:22.683Z",
          "UpdateTime": "2022-08-29T00:46:22.683Z",
          "SqlType": {
            "Name": "UNIQUEIDENTIFIER",
            "LengthLimit": null,
            "MaxValue": null,
            "MinValue": null,
            "DecimalPrecision": null
          },
          "IsSystemField": true,
          "IsRequired": true,
          "ReferenceEntity": null,
          "ReferenceType": "ManyToOne",
          "FieldDisplayType": "Basic",
          "ReferenceChoiceSet": null,
          "IsAttachment": false
        },
        {
          "Id": "03482076-4740-4e82-94fb-a31f98750ba9",
          "Name": "CreateTime",
          "DisplayName": "CreateTime",
          "Description": "System built-in field",
          "CreateTime": "2022-08-29T00:46:22.683Z",
          "UpdateTime": "2022-08-29T00:46:22.683Z",
          "SqlType": {
            "Name": "DATETIMEOFFSET",
            "LengthLimit": null,
            "MaxValue": null,
            "MinValue": null,
            "DecimalPrecision": null
          },
          "IsSystemField": true,
          "IsRequired": true,
          "ReferenceEntity": null,
          "ReferenceType": "ManyToOne",
          "FieldDisplayType": "Basic",
          "ReferenceChoiceSet": null,
          "IsAttachment": false
        },
        {
          "Id": "5e22272b-ff96-4948-b1d9-cf87f028319a",
          "Name": "UpdatedBy",
          "DisplayName": "UpdatedBy",
          "Description": "System built-in field",
          "CreateTime": "2022-08-29T00:46:22.683Z",
          "UpdateTime": "2022-08-29T00:46:22.683Z",
          "SqlType": {
            "Name": "UNIQUEIDENTIFIER",
            "LengthLimit": null,
            "MaxValue": null,
            "MinValue": null,
            "DecimalPrecision": null
          },
          "IsSystemField": true,
          "IsRequired": false,
          "ReferenceEntity": {
            "Name": "SystemUser"
          },
          "ReferenceType": "ManyToOne",
          "FieldDisplayType": "Relationship",
          "ReferenceChoiceSet": null,
          "IsAttachment": false
        }
      ],
      "RecordCount": 6,
      "EntityType": "Entity"
    }
  ],
  "Namespace": "RandomUserAutomation",
  "EntitiesJson": "{\"entities\":[{\"name\":\"GoogleMenu\",\"displayName\":\"GoogleMenu\",\"entityTypeId\":0,\"entityType\":\"Entity\",\"description\":\"\",\"fields\":[{\"id\":\"a6b6a113-aa1e-ed11-bd6e-0003ff1e43f9\",\"name\":\"ServiceName\",\"isPrimaryKey\":false,\"isForeignKey\":false,\"isUnique\":false,\"referenceType\":\"ManyToOne\",\"sqlType\":{\"name\":\"NVARCHAR\",\"lengthLimit\":200},\"isRequired\":false,\"displayName\":\"ServiceName\",\"description\":\"\",\"createTime\":\"2022-08-18T03:58:55.107Z\",\"createdBy\":\"08b3a156-05b0-4f3b-95eb-dd0e70129165\",\"updateTime\":\"2022-08-18T03:58:55.107Z\",\"updatedBy\":\"08b3a156-05b0-4f3b-95eb-dd0e70129165\",\"isSystemField\":false,\"fieldDisplayType\":\"Basic\",\"isAttachment\":false,\"isRbacEnabled\":false},{\"id\":\"a99da81e-aa1e-ed11-bd6e-0003ff1e43f9\",\"name\":\"ServiceUrl\",\"isPrimaryKey\":false,\"isForeignKey\":false,\"isUnique\":false,\"referenceType\":\"ManyToOne\",\"sqlType\":{\"name\":\"NVARCHAR\",\"lengthLimit\":200},\"isRequired\":false,\"displayName\":\"ServiceUrl\",\"description\":\"\",\"createTime\":\"2022-08-18T03:59:13.597Z\",\"createdBy\":\"08b3a156-05b0-4f3b-95eb-dd0e70129165\",\"updateTime\":\"2022-08-18T03:59:13.597Z\",\"updatedBy\":\"08b3a156-05b0-4f3b-95eb-dd0e70129165\",\"isSystemField\":false,\"fieldDisplayType\":\"Basic\",\"isAttachment\":false,\"isRbacEnabled\":false},{\"id\":\"f522c927-aa1e-ed11-bd6e-0003ff1e43f9\",\"name\":\"ServiceIconUrl\",\"isPrimaryKey\":false,\"isForeignKey\":false,\"isUnique\":false,\"referenceType\":\"ManyToOne\",\"sqlType\":{\"name\":\"NVARCHAR\",\"lengthLimit\":200},\"isRequired\":false,\"displayName\":\"ServiceIconUrl\",\"description\":\"\",\"createTime\":\"2022-08-18T03:59:28.92Z\",\"createdBy\":\"08b3a156-05b0-4f3b-95eb-dd0e70129165\",\"updateTime\":\"2022-08-18T03:59:28.92Z\",\"updatedBy\":\"08b3a156-05b0-4f3b-95eb-dd0e70129165\",\"isSystemField\":false,\"fieldDisplayType\":\"Basic\",\"isAttachment\":false,\"isRbacEnabled\":false},{\"id\":\"08680fee-e379-4e27-a54e-073678afe065\",\"name\":\"Id\",\"isPrimaryKey\":true,\"isForeignKey\":false,\"isUnique\":false,\"referenceType\":\"ManyToOne\",\"sqlType\":{\"name\":\"UNIQUEIDENTIFIER\"},\"isRequired\":true,\"displayName\":\"Id\",\"description\":\"System built-in field\",\"createTime\":\"2022-08-18T03:57:27.79Z\",\"createdBy\":\"08b3a156-05b0-4f3b-95eb-dd0e70129165\",\"updateTime\":\"2022-08-18T03:57:27.79Z\",\"isSystemField\":true,\"fieldDisplayType\":\"Basic\",\"isAttachment\":false,\"isRbacEnabled\":false},{\"id\":\"d684a6cf-3a5d-4385-9deb-0fd13e7ef078\",\"name\":\"UpdateTime\",\"isPrimaryKey\":false,\"isForeignKey\":false,\"isUnique\":false,\"referenceType\":\"ManyToOne\",\"sqlType\":{\"name\":\"DATETIMEOFFSET\"},\"isRequired\":false,\"displayName\":\"UpdateTime\",\"description\":\"System built-in field\",\"createTime\":\"2022-08-18T03:57:27.79Z\",\"createdBy\":\"08b3a156-05b0-4f3b-95eb-dd0e70129165\",\"updateTime\":\"2022-08-18T03:57:27.79Z\",\"isSystemField\":true,\"fieldDisplayType\":\"Basic\",\"isAttachment\":false,\"isRbacEnabled\":false},{\"id\":\"625dd4e5-31e0-4585-9c90-8277a09859de\",\"name\":\"CreateTime\",\"isPrimaryKey\":false,\"isForeignKey\":false,\"isUnique\":false,\"referenceType\":\"ManyToOne\",\"sqlType\":{\"name\":\"DATETIMEOFFSET\"},\"isRequired\":true,\"displayName\":\"CreateTime\",\"description\":\"System built-in field\",\"createTime\":\"2022-08-18T03:57:27.79Z\",\"createdBy\":\"08b3a156-05b0-4f3b-95eb-dd0e70129165\",\"updateTime\":\"2022-08-18T03:57:27.79Z\",\"isSystemField\":true,\"fieldDisplayType\":\"Basic\",\"isAttachment\":false,\"isRbacEnabled\":false},{\"id\":\"272dc9dd-375b-4b27-8d1a-a7febbb77deb\",\"name\":\"UpdatedBy\",\"isPrimaryKey\":false,\"isForeignKey\":true,\"isUnique\":false,\"referenceName\":\"fk_UpdatedBy_eea674af-34e3-4ec1-a785-1a92c0df2bbe\",\"referenceEntity\":{\"name\":\"SystemUser\",\"displayName\":\"System Users\",\"entityTypeId\":0,\"entityType\":\"Entity\",\"isRbacEnabled\":false,\"id\":\"2fdf21df-a91e-ed11-bd6e-0003ff1e43f9\"},\"referenceField\":{\"id\":\"5dc394d5-01f6-4312-a135-a8e677ca6b10\",\"definition\":{\"name\":\"Name\",\"isPrimaryKey\":false,\"isForeignKey\":false,\"isUnique\":false,\"referenceType\":\"ManyToOne\",\"sqlType\":{\"name\":\"NVARCHAR\",\"lengthLimit\":512},\"isRequired\":false,\"displayName\":\"Name\",\"createTime\":\"2022-08-30T06:57:45.8634543Z\",\"updateTime\":\"2022-08-30T06:57:45.863455Z\",\"isSystemField\":false,\"fieldDisplayType\":\"Basic\",\"isAttachment\":false,\"isRbacEnabled\":false}},\"referenceType\":\"ManyToOne\",\"sqlType\":{\"name\":\"UNIQUEIDENTIFIER\"},\"isRequired\":false,\"displayName\":\"UpdatedBy\",\"description\":\"System built-in field\",\"createTime\":\"2022-08-18T03:57:27.79Z\",\"createdBy\":\"08b3a156-05b0-4f3b-95eb-dd0e70129165\",\"updateTime\":\"2022-08-18T03:57:27.79Z\",\"isSystemField\":true,\"fieldDisplayType\":\"Relationship\",\"isAttachment\":false,\"isRbacEnabled\":false},{\"id\":\"02a58bc1-034f-4343-8f05-b611fec6c28e\",\"name\":\"CreatedBy\",\"isPrimaryKey\":false,\"isForeignKey\":true,\"isUnique\":false,\"referenceName\":\"fk_CreatedBy_57d66e7b-15a4-4544-885a-ad31b51e285a\",\"referenceEntity\":{\"name\":\"SystemUser\",\"displayName\":\"System Users\",\"entityTypeId\":0,\"entityType\":\"Entity\",\"isRbacEnabled\":false,\"id\":\"2fdf21df-a91e-ed11-bd6e-0003ff1e43f9\"},\"referenceField\":{\"id\":\"5dc394d5-01f6-4312-a135-a8e677ca6b10\",\"definition\":{\"name\":\"Name\",\"isPrimaryKey\":false,\"isForeignKey\":false,\"isUnique\":false,\"referenceType\":\"ManyToOne\",\"sqlType\":{\"name\":\"NVARCHAR\",\"lengthLimit\":512},\"isRequired\":false,\"displayName\":\"Name\",\"createTime\":\"2022-08-30T06:57:45.8634571Z\",\"updateTime\":\"2022-08-30T06:57:45.8634577Z\",\"isSystemField\":false,\"fieldDisplayType\":\"Basic\",\"isAttachment\":false,\"isRbacEnabled\":false}},\"referenceType\":\"ManyToOne\",\"sqlType\":{\"name\":\"UNIQUEIDENTIFIER\"},\"isRequired\":true,\"displayName\":\"CreatedBy\",\"description\":\"System built-in field\",\"createTime\":\"2022-08-18T03:57:27.79Z\",\"createdBy\":\"08b3a156-05b0-4f3b-95eb-dd0e70129165\",\"updateTime\":\"2022-08-18T03:57:27.79Z\",\"isSystemField\":true,\"fieldDisplayType\":\"Relationship\",\"isAttachment\":false,\"isRbacEnabled\":false}],\"recordCount\":5,\"storageSizeInMB\":0.070312,\"usedStorageSizeInMB\":0.015625,\"isRbacEnabled\":false,\"id\":\"37df21df-a91e-ed11-bd6e-0003ff1e43f9\",\"createdBy\":\"08b3a156-05b0-4f3b-95eb-dd0e70129165\",\"createTime\":\"2022-08-18T03:57:27.73Z\",\"updateTime\":\"2022-08-18T03:59:28.92Z\",\"updatedBy\":\"08b3a156-05b0-4f3b-95eb-dd0e70129165\"},{\"name\":\"SystemUser\",\"displayName\":\"System Users\",\"entityTypeId\":3,\"entityType\":\"SystemEntity\",\"description\":\"Contains Automation Cloud users and groups that have ever had roles assigned, or accessed Data Service\",\"fields\":[{\"id\":\"1b7ec56f-35c8-4188-8159-0786a4cdb51b\",\"name\":\"Id\",\"isPrimaryKey\":true,\"isForeignKey\":false,\"isUnique\":false,\"referenceType\":\"ManyToOne\",\"sqlType\":{\"name\":\"UNIQUEIDENTIFIER\"},\"isRequired\":true,\"displayName\":\"Id\",\"description\":\"System built-in field\",\"createTime\":\"2022-08-18T03:57:27.423Z\",\"createdBy\":\"08b3a156-05b0-4f3b-95eb-dd0e70129165\",\"updateTime\":\"2022-08-18T03:57:27.423Z\",\"isSystemField\":true,\"fieldDisplayType\":\"Basic\",\"isAttachment\":false,\"isRbacEnabled\":false},{\"id\":\"87b27bdd-45c9-45c9-ba91-10284ac8883d\",\"name\":\"IsActive\",\"isPrimaryKey\":false,\"isForeignKey\":false,\"isUnique\":false,\"referenceType\":\"ManyToOne\",\"sqlType\":{\"name\":\"BIT\"},\"isRequired\":true,\"displayName\":\"IsActive\",\"description\":\"IsActive\",\"createTime\":\"2022-08-18T03:57:27.423Z\",\"createdBy\":\"08b3a156-05b0-4f3b-95eb-dd0e70129165\",\"updateTime\":\"2022-08-18T03:57:27.423Z\",\"isSystemField\":true,\"fieldDisplayType\":\"Basic\",\"isAttachment\":false,\"isRbacEnabled\":false},{\"id\":\"afcc1b46-1458-467e-8e51-310500a8f0eb\",\"name\":\"CreateTime\",\"isPrimaryKey\":false,\"isForeignKey\":false,\"isUnique\":false,\"referenceType\":\"ManyToOne\",\"sqlType\":{\"name\":\"DATETIMEOFFSET\"},\"isRequired\":true,\"displayName\":\"CreateTime\",\"description\":\"System built-in field\",\"createTime\":\"2022-08-18T03:57:27.423Z\",\"createdBy\":\"08b3a156-05b0-4f3b-95eb-dd0e70129165\",\"updateTime\":\"2022-08-18T03:57:27.423Z\",\"isSystemField\":true,\"fieldDisplayType\":\"Basic\",\"isAttachment\":false,\"isRbacEnabled\":false},{\"id\":\"e5f4c349-82c0-4e85-9800-5520cd381dbd\",\"name\":\"Type\",\"isPrimaryKey\":false,\"isForeignKey\":false,\"isUnique\":false,\"referenceChoiceSet\":{\"name\":\"UserType\",\"entityTypeId\":0,\"entityType\":\"Entity\",\"isRbacEnabled\":false},\"referenceType\":\"ManyToOne\",\"sqlType\":{\"name\":\"INT\",\"maxValue\":9007199254740991.0,\"minValue\":-9007199254740991.0},\"isRequired\":true,\"displayName\":\"Type\",\"description\":\"Type\",\"createTime\":\"2022-08-18T03:57:27.423Z\",\"createdBy\":\"08b3a156-05b0-4f3b-95eb-dd0e70129165\",\"updateTime\":\"2022-08-18T03:57:27.423Z\",\"isSystemField\":true,\"fieldDisplayType\":\"ChoiceSetSingle\",\"choiceSetId\":\"28df21df-a91e-ed11-bd6e-0003ff1e43f9\",\"isAttachment\":false,\"isRbacEnabled\":false},{\"id\":\"5dc394d5-01f6-4312-a135-a8e677ca6b10\",\"name\":\"Name\",\"isPrimaryKey\":false,\"isForeignKey\":false,\"isUnique\":false,\"referenceType\":\"ManyToOne\",\"sqlType\":{\"name\":\"NVARCHAR\",\"lengthLimit\":512},\"isRequired\":true,\"displayName\":\"Name\",\"description\":\"Name\",\"createTime\":\"2022-08-18T03:57:27.423Z\",\"createdBy\":\"08b3a156-05b0-4f3b-95eb-dd0e70129165\",\"updateTime\":\"2022-08-18T03:57:27.423Z\",\"isSystemField\":true,\"fieldDisplayType\":\"Basic\",\"isAttachment\":false,\"isRbacEnabled\":false},{\"id\":\"533d82fb-23c5-4a1d-89d0-afedf5b4bdc4\",\"name\":\"UpdateTime\",\"isPrimaryKey\":false,\"isForeignKey\":false,\"isUnique\":false,\"referenceType\":\"ManyToOne\",\"sqlType\":{\"name\":\"DATETIMEOFFSET\"},\"isRequired\":false,\"displayName\":\"UpdateTime\",\"description\":\"System built-in field\",\"createTime\":\"2022-08-18T03:57:27.423Z\",\"createdBy\":\"08b3a156-05b0-4f3b-95eb-dd0e70129165\",\"updateTime\":\"2022-08-18T03:57:27.423Z\",\"isSystemField\":true,\"fieldDisplayType\":\"Basic\",\"isAttachment\":false,\"isRbacEnabled\":false},{\"id\":\"48412422-6cf3-4f0f-afe9-be7cdee7425b\",\"name\":\"Email\",\"isPrimaryKey\":false,\"isForeignKey\":false,\"isUnique\":false,\"referenceType\":\"ManyToOne\",\"sqlType\":{\"name\":\"NVARCHAR\",\"lengthLimit\":512},\"isRequired\":false,\"displayName\":\"E-mail\",\"description\":\"E-mail\",\"createTime\":\"2022-08-18T03:57:27.423Z\",\"createdBy\":\"08b3a156-05b0-4f3b-95eb-dd0e70129165\",\"updateTime\":\"2022-08-18T03:57:27.423Z\",\"isSystemField\":true,\"fieldDisplayType\":\"Basic\",\"isAttachment\":false,\"isRbacEnabled\":false}],\"recordCount\":5,\"storageSizeInMB\":0.070312,\"usedStorageSizeInMB\":0.015625,\"isRbacEnabled\":false,\"id\":\"2fdf21df-a91e-ed11-bd6e-0003ff1e43f9\",\"createdBy\":\"08b3a156-05b0-4f3b-95eb-dd0e70129165\",\"createTime\":\"2022-08-18T03:57:27.37Z\",\"updateTime\":\"2022-08-18T03:57:27.37Z\",\"updatedBy\":\"08b3a156-05b0-4f3b-95eb-dd0e70129165\"},{\"name\":\"Users\",\"displayName\":\"Users\",\"entityTypeId\":0,\"entityType\":\"Entity\",\"description\":\"\",\"fields\":[{\"id\":\"c30e4231-3427-ed11-bd6e-0003ff1e43f9\",\"name\":\"Name\",\"isPrimaryKey\":false,\"isForeignKey\":false,\"isUnique\":false,\"referenceType\":\"ManyToOne\",\"sqlType\":{\"name\":\"NVARCHAR\",\"lengthLimit\":200},\"isRequired\":true,\"displayName\":\"Name\",\"description\":\"\",\"createTime\":\"2022-08-29T00:47:44.667Z\",\"createdBy\":\"08b3a156-05b0-4f3b-95eb-dd0e70129165\",\"updateTime\":\"2022-08-29T00:47:44.667Z\",\"updatedBy\":\"08b3a156-05b0-4f3b-95eb-dd0e70129165\",\"isSystemField\":false,\"fieldDisplayType\":\"Basic\",\"isAttachment\":false,\"isRbacEnabled\":false},{\"id\":\"e8ec023d-3427-ed11-bd6e-0003ff1e43f9\",\"name\":\"email\",\"isPrimaryKey\":false,\"isForeignKey\":false,\"isUnique\":false,\"referenceType\":\"ManyToOne\",\"sqlType\":{\"name\":\"NVARCHAR\",\"lengthLimit\":200},\"isRequired\":true,\"displayName\":\"email\",\"description\":\"\",\"createTime\":\"2022-08-29T00:48:04.363Z\",\"createdBy\":\"08b3a156-05b0-4f3b-95eb-dd0e70129165\",\"updateTime\":\"2022-08-29T00:48:04.363Z\",\"updatedBy\":\"08b3a156-05b0-4f3b-95eb-dd0e70129165\",\"isSystemField\":false,\"fieldDisplayType\":\"Basic\",\"isAttachment\":false,\"isRbacEnabled\":false},{\"id\":\"dbed0849-3427-ed11-bd6e-0003ff1e43f9\",\"name\":\"cell\",\"isPrimaryKey\":false,\"isForeignKey\":false,\"isUnique\":false,\"referenceType\":\"ManyToOne\",\"sqlType\":{\"name\":\"NVARCHAR\",\"lengthLimit\":200},\"isRequired\":true,\"displayName\":\"cell\",\"description\":\"\",\"createTime\":\"2022-08-29T00:48:24.54Z\",\"createdBy\":\"08b3a156-05b0-4f3b-95eb-dd0e70129165\",\"updateTime\":\"2022-08-29T00:48:24.54Z\",\"updatedBy\":\"08b3a156-05b0-4f3b-95eb-dd0e70129165\",\"isSystemField\":false,\"fieldDisplayType\":\"Basic\",\"isAttachment\":false,\"isRbacEnabled\":false},{\"id\":\"3d6770ee-3427-ed11-bd6e-0003ff1e43f9\",\"name\":\"Imagepath\",\"isPrimaryKey\":false,\"isForeignKey\":false,\"isUnique\":false,\"referenceType\":\"ManyToOne\",\"sqlType\":{\"name\":\"NVARCHAR\",\"lengthLimit\":200},\"isRequired\":true,\"displayName\":\"Imagepath\",\"description\":\"\",\"createTime\":\"2022-08-29T00:53:02.05Z\",\"createdBy\":\"08b3a156-05b0-4f3b-95eb-dd0e70129165\",\"updateTime\":\"2022-08-29T00:53:02.05Z\",\"updatedBy\":\"08b3a156-05b0-4f3b-95eb-dd0e70129165\",\"isSystemField\":false,\"fieldDisplayType\":\"Basic\",\"isAttachment\":false,\"isRbacEnabled\":false},{\"id\":\"58d80e7e-c62e-4181-be1f-4e4194477b9d\",\"name\":\"CreatedBy\",\"isPrimaryKey\":false,\"isForeignKey\":true,\"isUnique\":false,\"referenceName\":\"fk_CreatedBy_6466b21e-a421-4d98-aa9a-fda005647285\",\"referenceEntity\":{\"name\":\"SystemUser\",\"displayName\":\"System Users\",\"entityTypeId\":0,\"entityType\":\"Entity\",\"isRbacEnabled\":false,\"id\":\"2fdf21df-a91e-ed11-bd6e-0003ff1e43f9\"},\"referenceField\":{\"id\":\"5dc394d5-01f6-4312-a135-a8e677ca6b10\",\"definition\":{\"name\":\"Name\",\"isPrimaryKey\":false,\"isForeignKey\":false,\"isUnique\":false,\"referenceType\":\"ManyToOne\",\"sqlType\":{\"name\":\"NVARCHAR\",\"lengthLimit\":512},\"isRequired\":false,\"displayName\":\"Name\",\"createTime\":\"2022-08-30T06:57:45.863462Z\",\"updateTime\":\"2022-08-30T06:57:45.8634626Z\",\"isSystemField\":false,\"fieldDisplayType\":\"Basic\",\"isAttachment\":false,\"isRbacEnabled\":false}},\"referenceType\":\"ManyToOne\",\"sqlType\":{\"name\":\"UNIQUEIDENTIFIER\"},\"isRequired\":true,\"displayName\":\"CreatedBy\",\"description\":\"System built-in field\",\"createTime\":\"2022-08-29T00:46:22.683Z\",\"createdBy\":\"08b3a156-05b0-4f3b-95eb-dd0e70129165\",\"updateTime\":\"2022-08-29T00:46:22.683Z\",\"isSystemField\":true,\"fieldDisplayType\":\"Relationship\",\"isAttachment\":false,\"isRbacEnabled\":false},{\"id\":\"8a273da8-2c22-4d1d-a9bf-616b705fd4aa\",\"name\":\"UpdateTime\",\"isPrimaryKey\":false,\"isForeignKey\":false,\"isUnique\":false,\"referenceType\":\"ManyToOne\",\"sqlType\":{\"name\":\"DATETIMEOFFSET\"},\"isRequired\":false,\"displayName\":\"UpdateTime\",\"description\":\"System built-in field\",\"createTime\":\"2022-08-29T00:46:22.683Z\",\"createdBy\":\"08b3a156-05b0-4f3b-95eb-dd0e70129165\",\"updateTime\":\"2022-08-29T00:46:22.683Z\",\"isSystemField\":true,\"fieldDisplayType\":\"Basic\",\"isAttachment\":false,\"isRbacEnabled\":false},{\"id\":\"9c4de715-2414-411c-a141-67b270c9acba\",\"name\":\"Id\",\"isPrimaryKey\":true,\"isForeignKey\":false,\"isUnique\":false,\"referenceType\":\"ManyToOne\",\"sqlType\":{\"name\":\"UNIQUEIDENTIFIER\"},\"isRequired\":true,\"displayName\":\"Id\",\"description\":\"System built-in field\",\"createTime\":\"2022-08-29T00:46:22.683Z\",\"createdBy\":\"08b3a156-05b0-4f3b-95eb-dd0e70129165\",\"updateTime\":\"2022-08-29T00:46:22.683Z\",\"isSystemField\":true,\"fieldDisplayType\":\"Basic\",\"isAttachment\":false,\"isRbacEnabled\":false},{\"id\":\"03482076-4740-4e82-94fb-a31f98750ba9\",\"name\":\"CreateTime\",\"isPrimaryKey\":false,\"isForeignKey\":false,\"isUnique\":false,\"referenceType\":\"ManyToOne\",\"sqlType\":{\"name\":\"DATETIMEOFFSET\"},\"isRequired\":true,\"displayName\":\"CreateTime\",\"description\":\"System built-in field\",\"createTime\":\"2022-08-29T00:46:22.683Z\",\"createdBy\":\"08b3a156-05b0-4f3b-95eb-dd0e70129165\",\"updateTime\":\"2022-08-29T00:46:22.683Z\",\"isSystemField\":true,\"fieldDisplayType\":\"Basic\",\"isAttachment\":false,\"isRbacEnabled\":false},{\"id\":\"5e22272b-ff96-4948-b1d9-cf87f028319a\",\"name\":\"UpdatedBy\",\"isPrimaryKey\":false,\"isForeignKey\":true,\"isUnique\":false,\"referenceName\":\"fk_UpdatedBy_cc050ff7-0f99-42ab-8c78-6600d91a30d9\",\"referenceEntity\":{\"name\":\"SystemUser\",\"displayName\":\"System Users\",\"entityTypeId\":0,\"entityType\":\"Entity\",\"isRbacEnabled\":false,\"id\":\"2fdf21df-a91e-ed11-bd6e-0003ff1e43f9\"},\"referenceField\":{\"id\":\"5dc394d5-01f6-4312-a135-a8e677ca6b10\",\"definition\":{\"name\":\"Name\",\"isPrimaryKey\":false,\"isForeignKey\":false,\"isUnique\":false,\"referenceType\":\"ManyToOne\",\"sqlType\":{\"name\":\"NVARCHAR\",\"lengthLimit\":512},\"isRequired\":false,\"displayName\":\"Name\",\"createTime\":\"2022-08-30T06:57:45.863468Z\",\"updateTime\":\"2022-08-30T06:57:45.8634687Z\",\"isSystemField\":false,\"fieldDisplayType\":\"Basic\",\"isAttachment\":false,\"isRbacEnabled\":false}},\"referenceType\":\"ManyToOne\",\"sqlType\":{\"name\":\"UNIQUEIDENTIFIER\"},\"isRequired\":false,\"displayName\":\"UpdatedBy\",\"description\":\"System built-in field\",\"createTime\":\"2022-08-29T00:46:22.683Z\",\"createdBy\":\"08b3a156-05b0-4f3b-95eb-dd0e70129165\",\"updateTime\":\"2022-08-29T00:46:22.683Z\",\"isSystemField\":true,\"fieldDisplayType\":\"Relationship\",\"isAttachment\":false,\"isRbacEnabled\":false}],\"recordCount\":6,\"storageSizeInMB\":0.070312,\"usedStorageSizeInMB\":0.015625,\"isRbacEnabled\":false,\"id\":\"7e9a5a00-3427-ed11-bd6e-0003ff1e43f9\",\"createdBy\":\"08b3a156-05b0-4f3b-95eb-dd0e70129165\",\"createTime\":\"2022-08-29T00:46:22.607Z\",\"updateTime\":\"2022-08-29T00:53:02.05Z\",\"updatedBy\":\"08b3a156-05b0-4f3b-95eb-dd0e70129165\"}],\"choicesets\":[{\"id\":\"28df21df-a91e-ed11-bd6e-0003ff1e43f9\",\"name\":\"UserType\",\"displayName\":\"User Type\",\"description\":\"Denotes the type of user record in the System User entity\",\"createdBy\":\"08b3a156-05b0-4f3b-95eb-dd0e70129165\",\"createTime\":\"2022-08-18T03:57:27.02Z\",\"updateTime\":\"2022-08-18T03:57:27.02Z\",\"updatedBy\":\"08b3a156-05b0-4f3b-95eb-dd0e70129165\",\"data\":[{\"DisplayName\":\"User\",\"Name\":\"User\",\"NumberId\":0},{\"DisplayName\":\"Group\",\"Name\":\"Group\",\"NumberId\":1},{\"DisplayName\":\"Robot\",\"Name\":\"Robot\",\"NumberId\":2}]}]}",
  "SelectedEntitiesNames": [
    "Users",
    "SystemUser"
  ]
}