First Name;Last Name;Company Name;Role In Company;Address;E-Mail;Phone Number
"Megan";"Payne";"Salesforce";"Bookkeepin";"6952 st. john's road";"mpayne@salesforce.soccer";"98531837239";
"Nathan";"Oliver";"PCL Construction";"Scientist";"4923 school lane";"noliver@pclconstruction.financial";"30045715426";
"Louis";"Cross";"IT Solutions";"Plumber";"2228 new road";"lcross@itsolutions.futbol";"36372277997";
"Lucy";"Matthews";"Salesforce";"IT Manager";"9979 highfield road";"lmatthews@salesforce.world";"18070651046";
"Lily";"Lane";"IT Solutions";"Construction Manager";"8216 the grove";"llane@itsolutions.marketing";"34182460238";
